series,curve_order,x,y,formal_segment_id,formal_segment_break_before,evidence_segment_break_before,evidence_break_reason,source_kind,source_observation_ids,source_candidate_ids,uncertainty_x,uncertainty_y,derivation_method,guide_path_sha256,source_sha256,spec_sha256,candidates_sha256,observations_sha256,review_decisions_sha256
response,1,-3.552713678800501e-15,-0.049999999999998046,1,false,false,,reviewed_visible_observation,obs:response:000001,response:000001,0.050000000000000266,0.04999999999999982,reviewed_observations_v1,,1bc8dccaf6b89e90aa75c81ef577962877e7c404439a70aee4f5465e46ebd059,754fb6ddb0451047eb8a0d60b4e03d876bf64c6e889684cced3c06038051385f,754551dd47950ff4b919d03244338110e22ca8740713c8074cbce08c90b6d36b,ad2e0bb990d1a5fc3d7c726105bbba471d1048bc9ab07b4a64613afa63512819,c1c7fc7d32b67809b202ec79e4fa65e7b92e4dc56a5989f67f7b9b9180e5286c
response,2,0.09999999999999654,-0.049999999999998046,1,false,false,,reviewed_visible_observation,obs:response:000002,response:000002,0.04999999999999982,0.04999999999999982,reviewed_observations_v1,,1bc8dccaf6b89e90aa75c81ef577962877e7c404439a70aee4f5465e46ebd059,754fb6ddb0451047eb8a0d60b4e03d876bf64c6e889684cced3c06038051385f,754551dd47950ff4b919d03244338110e22ca8740713c8074cbce08c90b6d36b,ad2e0bb990d1a5fc3d7c726105bbba471d1048bc9ab07b4a64613afa63512819,c1c7fc7d32b67809b202ec79e4fa65e7b92e4dc56a5989f67f7b9b9180e5286c
response,3,0.19999999999999662,0.0500000000000016,1,false,false,,reviewed_visible_observation,obs:response:000003,response:000003,0.050000000000000266,0.04999999999999982,reviewed_observations_v1,,1bc8dccaf6b89e90aa75c81ef577962877e7c404439a70aee4f5465e46ebd059,754fb6ddb0451047eb8a0d60b4e03d876bf64c6e889684cced3c06038051385f,754551dd47950ff4b919d03244338110e22ca8740713c8074cbce08c90b6d36b,ad2e0bb990d1a5fc3d7c726105bbba471d1048bc9ab07b4a64613afa63512819,c1c7fc7d32b67809b202ec79e4fa65e7b92e4dc56a5989f67f7b9b9180e5286c
response,4,0.2999999999999967,0.0500000000000016,1,false,false,,reviewed_visible_observation,obs:response:000004,response:000004,0.050000000000000266,0.04999999999999982,reviewed_observations_v1,,1bc8dccaf6b89e90aa75c81ef577962877e7c404439a70aee4f5465e46ebd059,754fb6ddb0451047eb8a0d60b4e03d876bf64c6e889684cced3c06038051385f,754551dd47950ff4b919d03244338110e22ca8740713c8074cbce08c90b6d36b,ad2e0bb990d1a5fc3d7c726105bbba471d1048bc9ab07b4a64613afa63512819,c1c7fc7d32b67809b202ec79e4fa65e7b92e4dc56a5989f67f7b9b9180e5286c
response,5,0.3999999999999968,0.15000000000000213,1,false,false,,reviewed_visible_observation,obs:response:000005,response:000005,0.050000000000000266,0.05000000000000071,reviewed_observations_v1,,1bc8dccaf6b89e90aa75c81ef577962877e7c404439a70aee4f5465e46ebd059,754fb6ddb0451047eb8a0d60b4e03d876bf64c6e889684cced3c06038051385f,754551dd47950ff4b919d03244338110e22ca8740713c8074cbce08c90b6d36b,ad2e0bb990d1a5fc3d7c726105bbba471d1048bc9ab07b4a64613afa63512819,c1c7fc7d32b67809b202ec79e4fa65e7b92e4dc56a5989f67f7b9b9180e5286c
response,6,0.4999999999999969,0.15000000000000213,1,false,false,,reviewed_visible_observation,obs:response:000006,response:000006,0.050000000000000266,0.05000000000000071,reviewed_observations_v1,,1bc8dccaf6b89e90aa75c81ef577962877e7c404439a70aee4f5465e46ebd059,754fb6ddb0451047eb8a0d60b4e03d876bf64c6e889684cced3c06038051385f,754551dd47950ff4b919d03244338110e22ca8740713c8074cbce08c90b6d36b,ad2e0bb990d1a5fc3d7c726105bbba471d1048bc9ab07b4a64613afa63512819,c1c7fc7d32b67809b202ec79e4fa65e7b92e4dc56a5989f67f7b9b9180e5286c
response,7,0.599999999999997,0.2500000000000018,1,false,false,,reviewed_visible_observation,obs:response:000007,response:000007,0.050000000000000266,0.04999999999999982,reviewed_observations_v1,,1bc8dccaf6b89e90aa75c81ef577962877e7c404439a70aee4f5465e46ebd059,754fb6ddb0451047eb8a0d60b4e03d876bf64c6e889684cced3c06038051385f,754551dd47950ff4b919d03244338110e22ca8740713c8074cbce08c90b6d36b,ad2e0bb990d1a5fc3d7c726105bbba471d1048bc9ab07b4a64613afa63512819,c1c7fc7d32b67809b202ec79e4fa65e7b92e4dc56a5989f67f7b9b9180e5286c
response,8,0.6999999999999966,0.2500000000000018,1,false,false,,reviewed_visible_observation,obs:response:000008,response:000008,0.050000000000000266,0.04999999999999982,reviewed_observations_v1,,1bc8dccaf6b89e90aa75c81ef577962877e7c404439a70aee4f5465e46ebd059,754fb6ddb0451047eb8a0d60b4e03d876bf64c6e889684cced3c06038051385f,754551dd47950ff4b919d03244338110e22ca8740713c8074cbce08c90b6d36b,ad2e0bb990d1a5fc3d7c726105bbba471d1048bc9ab07b4a64613afa63512819,c1c7fc7d32b67809b202ec79e4fa65e7b92e4dc56a5989f67f7b9b9180e5286c
response,9,0.7999999999999967,0.2500000000000018,1,false,false,,reviewed_visible_observation,obs:response:000009,response:000009,0.050000000000000266,0.04999999999999982,reviewed_observations_v1,,1bc8dccaf6b89e90aa75c81ef577962877e7c404439a70aee4f5465e46ebd059,754fb6ddb0451047eb8a0d60b4e03d876bf64c6e889684cced3c06038051385f,754551dd47950ff4b919d03244338110e22ca8740713c8074cbce08c90b6d36b,ad2e0bb990d1a5fc3d7c726105bbba471d1048bc9ab07b4a64613afa63512819,c1c7fc7d32b67809b202ec79e4fa65e7b92e4dc56a5989f67f7b9b9180e5286c
response,10,0.8999999999999968,0.3500000000000014,1,false,false,,reviewed_visible_observation,obs:response:000010,response:000010,0.050000000000000266,0.04999999999999982,reviewed_observations_v1,,1bc8dccaf6b89e90aa75c81ef577962877e7c404439a70aee4f5465e46ebd059,754fb6ddb0451047eb8a0d60b4e03d876bf64c6e889684cced3c06038051385f,754551dd47950ff4b919d03244338110e22ca8740713c8074cbce08c90b6d36b,ad2e0bb990d1a5fc3d7c726105bbba471d1048bc9ab07b4a64613afa63512819,c1c7fc7d32b67809b202ec79e4fa65e7b92e4dc56a5989f67f7b9b9180e5286c
response,11,0.9999999999999969,0.3500000000000014,1,false,false,,reviewed_visible_observation,obs:response:000011,response:000011,0.050000000000000266,0.04999999999999982,reviewed_observations_v1,,1bc8dccaf6b89e90aa75c81ef577962877e7c404439a70aee4f5465e46ebd059,754fb6ddb0451047eb8a0d60b4e03d876bf64c6e889684cced3c06038051385f,754551dd47950ff4b919d03244338110e22ca8740713c8074cbce08c90b6d36b,ad2e0bb990d1a5fc3d7c726105bbba471d1048bc9ab07b4a64613afa63512819,c1c7fc7d32b67809b202ec79e4fa65e7b92e4dc56a5989f67f7b9b9180e5286c
response,12,1.099999999999997,0.45000000000000195,1,false,false,,reviewed_visible_observation,obs:response:000012,response:000012,0.050000000000000266,0.05000000000000071,reviewed_observations_v1,,1bc8dccaf6b89e90aa75c81ef577962877e7c404439a70aee4f5465e46ebd059,754fb6ddb0451047eb8a0d60b4e03d876bf64c6e889684cced3c06038051385f,754551dd47950ff4b919d03244338110e22ca8740713c8074cbce08c90b6d36b,ad2e0bb990d1a5fc3d7c726105bbba471d1048bc9ab07b4a64613afa63512819,c1c7fc7d32b67809b202ec79e4fa65e7b92e4dc56a5989f67f7b9b9180e5286c
response,13,1.199999999999997,0.45000000000000195,1,false,false,,reviewed_visible_observation,obs:response:000013,response:000013,0.04999999999999982,0.05000000000000071,reviewed_observations_v1,,1bc8dccaf6b89e90aa75c81ef577962877e7c404439a70aee4f5465e46ebd059,754fb6ddb0451047eb8a0d60b4e03d876bf64c6e889684cced3c06038051385f,754551dd47950ff4b919d03244338110e22ca8740713c8074cbce08c90b6d36b,ad2e0bb990d1a5fc3d7c726105bbba471d1048bc9ab07b4a64613afa63512819,c1c7fc7d32b67809b202ec79e4fa65e7b92e4dc56a5989f67f7b9b9180e5286c
response,14,1.2999999999999972,0.45000000000000195,1,false,false,,reviewed_visible_observation,obs:response:000014,response:000014,0.050000000000000266,0.05000000000000071,reviewed_observations_v1,,1bc8dccaf6b89e90aa75c81ef577962877e7c404439a70aee4f5465e46ebd059,754fb6ddb0451047eb8a0d60b4e03d876bf64c6e889684cced3c06038051385f,754551dd47950ff4b919d03244338110e22ca8740713c8074cbce08c90b6d36b,ad2e0bb990d1a5fc3d7c726105bbba471d1048bc9ab07b4a64613afa63512819,c1c7fc7d32b67809b202ec79e4fa65e7b92e4dc56a5989f67f7b9b9180e5286c
response,15,1.3999999999999972,0.5500000000000016,1,false,false,,reviewed_visible_observation,obs:response:000015,response:000015,0.050000000000000266,0.04999999999999982,reviewed_observations_v1,,1bc8dccaf6b89e90aa75c81ef577962877e7c404439a70aee4f5465e46ebd059,754fb6ddb0451047eb8a0d60b4e03d876bf64c6e889684cced3c06038051385f,754551dd47950ff4b919d03244338110e22ca8740713c8074cbce08c90b6d36b,ad2e0bb990d1a5fc3d7c726105bbba471d1048bc9ab07b4a64613afa63512819,c1c7fc7d32b67809b202ec79e4fa65e7b92e4dc56a5989f67f7b9b9180e5286c
response,16,1.4999999999999973,0.5500000000000016,1,false,false,,reviewed_visible_observation,obs:response:000016,response:000016,0.050000000000000266,0.04999999999999982,reviewed_observations_v1,,1bc8dccaf6b89e90aa75c81ef577962877e7c404439a70aee4f5465e46ebd059,754fb6ddb0451047eb8a0d60b4e03d876bf64c6e889684cced3c06038051385f,754551dd47950ff4b919d03244338110e22ca8740713c8074cbce08c90b6d36b,ad2e0bb990d1a5fc3d7c726105bbba471d1048bc9ab07b4a64613afa63512819,c1c7fc7d32b67809b202ec79e4fa65e7b92e4dc56a5989f67f7b9b9180e5286c
response,17,1.5999999999999974,0.6500000000000012,1,false,false,,reviewed_visible_observation,obs:response:000017,response:000017,0.050000000000000266,0.04999999999999982,reviewed_observations_v1,,1bc8dccaf6b89e90aa75c81ef577962877e7c404439a70aee4f5465e46ebd059,754fb6ddb0451047eb8a0d60b4e03d876bf64c6e889684cced3c06038051385f,754551dd47950ff4b919d03244338110e22ca8740713c8074cbce08c90b6d36b,ad2e0bb990d1a5fc3d7c726105bbba471d1048bc9ab07b4a64613afa63512819,c1c7fc7d32b67809b202ec79e4fa65e7b92e4dc56a5989f67f7b9b9180e5286c
response,18,1.6999999999999975,0.6500000000000012,1,false,false,,reviewed_visible_observation,obs:response:000018,response:000018,0.050000000000000266,0.04999999999999982,reviewed_observations_v1,,1bc8dccaf6b89e90aa75c81ef577962877e7c404439a70aee4f5465e46ebd059,754fb6ddb0451047eb8a0d60b4e03d876bf64c6e889684cced3c06038051385f,754551dd47950ff4b919d03244338110e22ca8740713c8074cbce08c90b6d36b,ad2e0bb990d1a5fc3d7c726105bbba471d1048bc9ab07b4a64613afa63512819,c1c7fc7d32b67809b202ec79e4fa65e7b92e4dc56a5989f67f7b9b9180e5286c
response,19,1.7999999999999972,0.7500000000000018,1,false,false,,reviewed_visible_observation,obs:response:000019,response:000019,0.050000000000000266,0.05000000000000071,reviewed_observations_v1,,1bc8dccaf6b89e90aa75c81ef577962877e7c404439a70aee4f5465e46ebd059,754fb6ddb0451047eb8a0d60b4e03d876bf64c6e889684cced3c06038051385f,754551dd47950ff4b919d03244338110e22ca8740713c8074cbce08c90b6d36b,ad2e0bb990d1a5fc3d7c726105bbba471d1048bc9ab07b4a64613afa63512819,c1c7fc7d32b67809b202ec79e4fa65e7b92e4dc56a5989f67f7b9b9180e5286c
response,20,1.8999999999999972,0.7500000000000018,1,false,false,,reviewed_visible_observation,obs:response:000020,response:000020,0.050000000000000266,0.05000000000000071,reviewed_observations_v1,,1bc8dccaf6b89e90aa75c81ef577962877e7c404439a70aee4f5465e46ebd059,754fb6ddb0451047eb8a0d60b4e03d876bf64c6e889684cced3c06038051385f,754551dd47950ff4b919d03244338110e22ca8740713c8074cbce08c90b6d36b,ad2e0bb990d1a5fc3d7c726105bbba471d1048bc9ab07b4a64613afa63512819,c1c7fc7d32b67809b202ec79e4fa65e7b92e4dc56a5989f67f7b9b9180e5286c
response,21,1.9999999999999973,0.7500000000000018,1,false,false,,reviewed_visible_observation,obs:response:000021,response:000021,0.04999999999999982,0.05000000000000071,reviewed_observations_v1,,1bc8dccaf6b89e90aa75c81ef577962877e7c404439a70aee4f5465e46ebd059,754fb6ddb0451047eb8a0d60b4e03d876bf64c6e889684cced3c06038051385f,754551dd47950ff4b919d03244338110e22ca8740713c8074cbce08c90b6d36b,ad2e0bb990d1a5fc3d7c726105bbba471d1048bc9ab07b4a64613afa63512819,c1c7fc7d32b67809b202ec79e4fa65e7b92e4dc56a5989f67f7b9b9180e5286c
response,22,2.099999999999998,0.8500000000000014,1,false,false,,reviewed_visible_observation,obs:response:000022,response:000022,0.05000000000000071,0.04999999999999982,reviewed_observations_v1,,1bc8dccaf6b89e90aa75c81ef577962877e7c404439a70aee4f5465e46ebd059,754fb6ddb0451047eb8a0d60b4e03d876bf64c6e889684cced3c06038051385f,754551dd47950ff4b919d03244338110e22ca8740713c8074cbce08c90b6d36b,ad2e0bb990d1a5fc3d7c726105bbba471d1048bc9ab07b4a64613afa63512819,c1c7fc7d32b67809b202ec79e4fa65e7b92e4dc56a5989f67f7b9b9180e5286c
response,23,2.1999999999999975,0.8500000000000014,1,false,false,,reviewed_visible_observation,obs:response:000023,response:000023,0.04999999999999982,0.04999999999999982,reviewed_observations_v1,,1bc8dccaf6b89e90aa75c81ef577962877e7c404439a70aee4f5465e46ebd059,754fb6ddb0451047eb8a0d60b4e03d876bf64c6e889684cced3c06038051385f,754551dd47950ff4b919d03244338110e22ca8740713c8074cbce08c90b6d36b,ad2e0bb990d1a5fc3d7c726105bbba471d1048bc9ab07b4a64613afa63512819,c1c7fc7d32b67809b202ec79e4fa65e7b92e4dc56a5989f67f7b9b9180e5286c
response,24,2.299999999999997,0.9500000000000011,1,false,false,,reviewed_visible_observation,obs:response:000024,response:000024,0.05000000000000071,0.05000000000000071,reviewed_observations_v1,,1bc8dccaf6b89e90aa75c81ef577962877e7c404439a70aee4f5465e46ebd059,754fb6ddb0451047eb8a0d60b4e03d876bf64c6e889684cced3c06038051385f,754551dd47950ff4b919d03244338110e22ca8740713c8074cbce08c90b6d36b,ad2e0bb990d1a5fc3d7c726105bbba471d1048bc9ab07b4a64613afa63512819,c1c7fc7d32b67809b202ec79e4fa65e7b92e4dc56a5989f67f7b9b9180e5286c
response,25,2.3999999999999977,0.9500000000000011,1,false,false,,reviewed_visible_observation,obs:response:000025,response:000025,0.04999999999999982,0.05000000000000071,reviewed_observations_v1,,1bc8dccaf6b89e90aa75c81ef577962877e7c404439a70aee4f5465e46ebd059,754fb6ddb0451047eb8a0d60b4e03d876bf64c6e889684cced3c06038051385f,754551dd47950ff4b919d03244338110e22ca8740713c8074cbce08c90b6d36b,ad2e0bb990d1a5fc3d7c726105bbba471d1048bc9ab07b4a64613afa63512819,c1c7fc7d32b67809b202ec79e4fa65e7b92e4dc56a5989f67f7b9b9180e5286c
response,26,2.4999999999999973,0.9500000000000011,1,false,false,,reviewed_visible_observation,obs:response:000026,response:000026,0.05000000000000071,0.05000000000000071,reviewed_observations_v1,,1bc8dccaf6b89e90aa75c81ef577962877e7c404439a70aee4f5465e46ebd059,754fb6ddb0451047eb8a0d60b4e03d876bf64c6e889684cced3c06038051385f,754551dd47950ff4b919d03244338110e22ca8740713c8074cbce08c90b6d36b,ad2e0bb990d1a5fc3d7c726105bbba471d1048bc9ab07b4a64613afa63512819,c1c7fc7d32b67809b202ec79e4fa65e7b92e4dc56a5989f67f7b9b9180e5286c
response,27,2.599999999999998,1.0500000000000016,1,false,false,,reviewed_visible_observation,obs:response:000027,response:000027,0.04999999999999982,0.04999999999999982,reviewed_observations_v1,,1bc8dccaf6b89e90aa75c81ef577962877e7c404439a70aee4f5465e46ebd059,754fb6ddb0451047eb8a0d60b4e03d876bf64c6e889684cced3c06038051385f,754551dd47950ff4b919d03244338110e22ca8740713c8074cbce08c90b6d36b,ad2e0bb990d1a5fc3d7c726105bbba471d1048bc9ab07b4a64613afa63512819,c1c7fc7d32b67809b202ec79e4fa65e7b92e4dc56a5989f67f7b9b9180e5286c
response,28,2.6999999999999975,1.0500000000000016,1,false,false,,reviewed_visible_observation,obs:response:000028,response:000028,0.05000000000000071,0.04999999999999982,reviewed_observations_v1,,1bc8dccaf6b89e90aa75c81ef577962877e7c404439a70aee4f5465e46ebd059,754fb6ddb0451047eb8a0d60b4e03d876bf64c6e889684cced3c06038051385f,754551dd47950ff4b919d03244338110e22ca8740713c8074cbce08c90b6d36b,ad2e0bb990d1a5fc3d7c726105bbba471d1048bc9ab07b4a64613afa63512819,c1c7fc7d32b67809b202ec79e4fa65e7b92e4dc56a5989f67f7b9b9180e5286c
response,29,2.799999999999998,1.1500000000000012,1,false,false,,reviewed_visible_observation,obs:response:000029,response:000029,0.04999999999999982,0.04999999999999982,reviewed_observations_v1,,1bc8dccaf6b89e90aa75c81ef577962877e7c404439a70aee4f5465e46ebd059,754fb6ddb0451047eb8a0d60b4e03d876bf64c6e889684cced3c06038051385f,754551dd47950ff4b919d03244338110e22ca8740713c8074cbce08c90b6d36b,ad2e0bb990d1a5fc3d7c726105bbba471d1048bc9ab07b4a64613afa63512819,c1c7fc7d32b67809b202ec79e4fa65e7b92e4dc56a5989f67f7b9b9180e5286c
response,30,2.8999999999999977,1.1500000000000012,1,false,false,,reviewed_visible_observation,obs:response:000030,response:000030,0.04999999999999982,0.04999999999999982,reviewed_observations_v1,,1bc8dccaf6b89e90aa75c81ef577962877e7c404439a70aee4f5465e46ebd059,754fb6ddb0451047eb8a0d60b4e03d876bf64c6e889684cced3c06038051385f,754551dd47950ff4b919d03244338110e22ca8740713c8074cbce08c90b6d36b,ad2e0bb990d1a5fc3d7c726105bbba471d1048bc9ab07b4a64613afa63512819,c1c7fc7d32b67809b202ec79e4fa65e7b92e4dc56a5989f67f7b9b9180e5286c
response,31,2.9999999999999982,1.2500000000000009,1,false,false,,reviewed_visible_observation,obs:response:000031,response:000031,0.05000000000000071,0.05000000000000071,reviewed_observations_v1,,1bc8dccaf6b89e90aa75c81ef577962877e7c404439a70aee4f5465e46ebd059,754fb6ddb0451047eb8a0d60b4e03d876bf64c6e889684cced3c06038051385f,754551dd47950ff4b919d03244338110e22ca8740713c8074cbce08c90b6d36b,ad2e0bb990d1a5fc3d7c726105bbba471d1048bc9ab07b4a64613afa63512819,c1c7fc7d32b67809b202ec79e4fa65e7b92e4dc56a5989f67f7b9b9180e5286c
response,32,3.099999999999998,1.2500000000000009,1,false,false,,reviewed_visible_observation,obs:response:000032,response:000032,0.04999999999999982,0.05000000000000071,reviewed_observations_v1,,1bc8dccaf6b89e90aa75c81ef577962877e7c404439a70aee4f5465e46ebd059,754fb6ddb0451047eb8a0d60b4e03d876bf64c6e889684cced3c06038051385f,754551dd47950ff4b919d03244338110e22ca8740713c8074cbce08c90b6d36b,ad2e0bb990d1a5fc3d7c726105bbba471d1048bc9ab07b4a64613afa63512819,c1c7fc7d32b67809b202ec79e4fa65e7b92e4dc56a5989f67f7b9b9180e5286c
response,33,3.1999999999999984,1.2500000000000009,1,false,false,,reviewed_visible_observation,obs:response:000033,response:000033,0.05000000000000071,0.05000000000000071,reviewed_observations_v1,,1bc8dccaf6b89e90aa75c81ef577962877e7c404439a70aee4f5465e46ebd059,754fb6ddb0451047eb8a0d60b4e03d876bf64c6e889684cced3c06038051385f,754551dd47950ff4b919d03244338110e22ca8740713c8074cbce08c90b6d36b,ad2e0bb990d1a5fc3d7c726105bbba471d1048bc9ab07b4a64613afa63512819,c1c7fc7d32b67809b202ec79e4fa65e7b92e4dc56a5989f67f7b9b9180e5286c
response,34,3.299999999999998,1.3500000000000014,1,false,false,,reviewed_visible_observation,obs:response:000034,response:000034,0.04999999999999982,0.04999999999999982,reviewed_observations_v1,,1bc8dccaf6b89e90aa75c81ef577962877e7c404439a70aee4f5465e46ebd059,754fb6ddb0451047eb8a0d60b4e03d876bf64c6e889684cced3c06038051385f,754551dd47950ff4b919d03244338110e22ca8740713c8074cbce08c90b6d36b,ad2e0bb990d1a5fc3d7c726105bbba471d1048bc9ab07b4a64613afa63512819,c1c7fc7d32b67809b202ec79e4fa65e7b92e4dc56a5989f67f7b9b9180e5286c
response,35,3.3999999999999977,1.3500000000000014,1,false,false,,reviewed_visible_observation,obs:response:000035,response:000035,0.05000000000000071,0.04999999999999982,reviewed_observations_v1,,1bc8dccaf6b89e90aa75c81ef577962877e7c404439a70aee4f5465e46ebd059,754fb6ddb0451047eb8a0d60b4e03d876bf64c6e889684cced3c06038051385f,754551dd47950ff4b919d03244338110e22ca8740713c8074cbce08c90b6d36b,ad2e0bb990d1a5fc3d7c726105bbba471d1048bc9ab07b4a64613afa63512819,c1c7fc7d32b67809b202ec79e4fa65e7b92e4dc56a5989f67f7b9b9180e5286c
response,36,3.4999999999999982,1.450000000000001,1,false,false,,reviewed_visible_observation,obs:response:000036,response:000036,0.04999999999999982,0.04999999999999982,reviewed_observations_v1,,1bc8dccaf6b89e90aa75c81ef577962877e7c404439a70aee4f5465e46ebd059,754fb6ddb0451047eb8a0d60b4e03d876bf64c6e889684cced3c06038051385f,754551dd47950ff4b919d03244338110e22ca8740713c8074cbce08c90b6d36b,ad2e0bb990d1a5fc3d7c726105bbba471d1048bc9ab07b4a64613afa63512819,c1c7fc7d32b67809b202ec79e4fa65e7b92e4dc56a5989f67f7b9b9180e5286c
response,37,3.599999999999998,1.450000000000001,1,false,false,,reviewed_visible_observation,obs:response:000037,response:000037,0.05000000000000071,0.04999999999999982,reviewed_observations_v1,,1bc8dccaf6b89e90aa75c81ef577962877e7c404439a70aee4f5465e46ebd059,754fb6ddb0451047eb8a0d60b4e03d876bf64c6e889684cced3c06038051385f,754551dd47950ff4b919d03244338110e22ca8740713c8074cbce08c90b6d36b,ad2e0bb990d1a5fc3d7c726105bbba471d1048bc9ab07b4a64613afa63512819,c1c7fc7d32b67809b202ec79e4fa65e7b92e4dc56a5989f67f7b9b9180e5286c
response,38,3.6999999999999984,1.5500000000000016,1,false,false,,reviewed_visible_observation,obs:response:000038,response:000038,0.04999999999999982,0.05000000000000071,reviewed_observations_v1,,1bc8dccaf6b89e90aa75c81ef577962877e7c404439a70aee4f5465e46ebd059,754fb6ddb0451047eb8a0d60b4e03d876bf64c6e889684cced3c06038051385f,754551dd47950ff4b919d03244338110e22ca8740713c8074cbce08c90b6d36b,ad2e0bb990d1a5fc3d7c726105bbba471d1048bc9ab07b4a64613afa63512819,c1c7fc7d32b67809b202ec79e4fa65e7b92e4dc56a5989f67f7b9b9180e5286c
response,39,3.799999999999998,1.5500000000000016,1,false,false,,reviewed_visible_observation,obs:response:000039,response:000039,0.05000000000000071,0.05000000000000071,reviewed_observations_v1,,1bc8dccaf6b89e90aa75c81ef577962877e7c404439a70aee4f5465e46ebd059,754fb6ddb0451047eb8a0d60b4e03d876bf64c6e889684cced3c06038051385f,754551dd47950ff4b919d03244338110e22ca8740713c8074cbce08c90b6d36b,ad2e0bb990d1a5fc3d7c726105bbba471d1048bc9ab07b4a64613afa63512819,c1c7fc7d32b67809b202ec79e4fa65e7b92e4dc56a5989f67f7b9b9180e5286c
response,40,3.8999999999999986,1.5500000000000016,1,false,false,,reviewed_visible_observation,obs:response:000040,response:000040,0.04999999999999982,0.05000000000000071,reviewed_observations_v1,,1bc8dccaf6b89e90aa75c81ef577962877e7c404439a70aee4f5465e46ebd059,754fb6ddb0451047eb8a0d60b4e03d876bf64c6e889684cced3c06038051385f,754551dd47950ff4b919d03244338110e22ca8740713c8074cbce08c90b6d36b,ad2e0bb990d1a5fc3d7c726105bbba471d1048bc9ab07b4a64613afa63512819,c1c7fc7d32b67809b202ec79e4fa65e7b92e4dc56a5989f67f7b9b9180e5286c
response,41,3.9999999999999982,1.6500000000000012,1,false,false,,reviewed_visible_observation,obs:response:000041,response:000041,0.04999999999999982,0.04999999999999982,reviewed_observations_v1,,1bc8dccaf6b89e90aa75c81ef577962877e7c404439a70aee4f5465e46ebd059,754fb6ddb0451047eb8a0d60b4e03d876bf64c6e889684cced3c06038051385f,754551dd47950ff4b919d03244338110e22ca8740713c8074cbce08c90b6d36b,ad2e0bb990d1a5fc3d7c726105bbba471d1048bc9ab07b4a64613afa63512819,c1c7fc7d32b67809b202ec79e4fa65e7b92e4dc56a5989f67f7b9b9180e5286c
response,42,4.099999999999999,1.6500000000000012,1,false,false,,reviewed_visible_observation,obs:response:000042,response:000042,0.05000000000000071,0.04999999999999982,reviewed_observations_v1,,1bc8dccaf6b89e90aa75c81ef577962877e7c404439a70aee4f5465e46ebd059,754fb6ddb0451047eb8a0d60b4e03d876bf64c6e889684cced3c06038051385f,754551dd47950ff4b919d03244338110e22ca8740713c8074cbce08c90b6d36b,ad2e0bb990d1a5fc3d7c726105bbba471d1048bc9ab07b4a64613afa63512819,c1c7fc7d32b67809b202ec79e4fa65e7b92e4dc56a5989f67f7b9b9180e5286c
response,43,4.199999999999998,1.7500000000000009,1,false,false,,reviewed_visible_observation,obs:response:000043,response:000043,0.04999999999999982,0.04999999999999982,reviewed_observations_v1,,1bc8dccaf6b89e90aa75c81ef577962877e7c404439a70aee4f5465e46ebd059,754fb6ddb0451047eb8a0d60b4e03d876bf64c6e889684cced3c06038051385f,754551dd47950ff4b919d03244338110e22ca8740713c8074cbce08c90b6d36b,ad2e0bb990d1a5fc3d7c726105bbba471d1048bc9ab07b4a64613afa63512819,c1c7fc7d32b67809b202ec79e4fa65e7b92e4dc56a5989f67f7b9b9180e5286c
response,44,4.299999999999999,1.7500000000000009,1,false,false,,reviewed_visible_observation,obs:response:000044,response:000044,0.05000000000000071,0.04999999999999982,reviewed_observations_v1,,1bc8dccaf6b89e90aa75c81ef577962877e7c404439a70aee4f5465e46ebd059,754fb6ddb0451047eb8a0d60b4e03d876bf64c6e889684cced3c06038051385f,754551dd47950ff4b919d03244338110e22ca8740713c8074cbce08c90b6d36b,ad2e0bb990d1a5fc3d7c726105bbba471d1048bc9ab07b4a64613afa63512819,c1c7fc7d32b67809b202ec79e4fa65e7b92e4dc56a5989f67f7b9b9180e5286c
response,45,4.399999999999999,1.7500000000000009,1,false,false,,reviewed_visible_observation,obs:response:000045,response:000045,0.04999999999999982,0.04999999999999982,reviewed_observations_v1,,1bc8dccaf6b89e90aa75c81ef577962877e7c404439a70aee4f5465e46ebd059,754fb6ddb0451047eb8a0d60b4e03d876bf64c6e889684cced3c06038051385f,754551dd47950ff4b919d03244338110e22ca8740713c8074cbce08c90b6d36b,ad2e0bb990d1a5fc3d7c726105bbba471d1048bc9ab07b4a64613afa63512819,c1c7fc7d32b67809b202ec79e4fa65e7b92e4dc56a5989f67f7b9b9180e5286c
response,46,4.499999999999998,1.8500000000000014,1,false,false,,reviewed_visible_observation,obs:response:000046,response:000046,0.05000000000000071,0.05000000000000071,reviewed_observations_v1,,1bc8dccaf6b89e90aa75c81ef577962877e7c404439a70aee4f5465e46ebd059,754fb6ddb0451047eb8a0d60b4e03d876bf64c6e889684cced3c06038051385f,754551dd47950ff4b919d03244338110e22ca8740713c8074cbce08c90b6d36b,ad2e0bb990d1a5fc3d7c726105bbba471d1048bc9ab07b4a64613afa63512819,c1c7fc7d32b67809b202ec79e4fa65e7b92e4dc56a5989f67f7b9b9180e5286c
response,47,4.599999999999999,1.8500000000000014,1,false,false,,reviewed_visible_observation,obs:response:000047,response:000047,0.04999999999999982,0.05000000000000071,reviewed_observations_v1,,1bc8dccaf6b89e90aa75c81ef577962877e7c404439a70aee4f5465e46ebd059,754fb6ddb0451047eb8a0d60b4e03d876bf64c6e889684cced3c06038051385f,754551dd47950ff4b919d03244338110e22ca8740713c8074cbce08c90b6d36b,ad2e0bb990d1a5fc3d7c726105bbba471d1048bc9ab07b4a64613afa63512819,c1c7fc7d32b67809b202ec79e4fa65e7b92e4dc56a5989f67f7b9b9180e5286c
response,48,4.699999999999998,1.950000000000001,1,false,false,,reviewed_visible_observation,obs:response:000048,response:000048,0.05000000000000071,0.04999999999999982,reviewed_observations_v1,,1bc8dccaf6b89e90aa75c81ef577962877e7c404439a70aee4f5465e46ebd059,754fb6ddb0451047eb8a0d60b4e03d876bf64c6e889684cced3c06038051385f,754551dd47950ff4b919d03244338110e22ca8740713c8074cbce08c90b6d36b,ad2e0bb990d1a5fc3d7c726105bbba471d1048bc9ab07b4a64613afa63512819,c1c7fc7d32b67809b202ec79e4fa65e7b92e4dc56a5989f67f7b9b9180e5286c
response,49,4.799999999999999,1.950000000000001,1,false,false,,reviewed_visible_observation,obs:response:000049,response:000049,0.04999999999999982,0.04999999999999982,reviewed_observations_v1,,1bc8dccaf6b89e90aa75c81ef577962877e7c404439a70aee4f5465e46ebd059,754fb6ddb0451047eb8a0d60b4e03d876bf64c6e889684cced3c06038051385f,754551dd47950ff4b919d03244338110e22ca8740713c8074cbce08c90b6d36b,ad2e0bb990d1a5fc3d7c726105bbba471d1048bc9ab07b4a64613afa63512819,c1c7fc7d32b67809b202ec79e4fa65e7b92e4dc56a5989f67f7b9b9180e5286c
response,50,4.899999999999999,2.0500000000000007,1,false,false,,reviewed_visible_observation,obs:response:000050,response:000050,0.04999999999999982,0.05000000000000071,reviewed_observations_v1,,1bc8dccaf6b89e90aa75c81ef577962877e7c404439a70aee4f5465e46ebd059,754fb6ddb0451047eb8a0d60b4e03d876bf64c6e889684cced3c06038051385f,754551dd47950ff4b919d03244338110e22ca8740713c8074cbce08c90b6d36b,ad2e0bb990d1a5fc3d7c726105bbba471d1048bc9ab07b4a64613afa63512819,c1c7fc7d32b67809b202ec79e4fa65e7b92e4dc56a5989f67f7b9b9180e5286c
response,51,7.1000000000000005,2.950000000000001,1,false,true,visible_pixel_gap:21px,reviewed_visible_observation,obs:response:000051,response:000051,0.05000000000000071,0.05000000000000071,reviewed_observations_v1,,1bc8dccaf6b89e90aa75c81ef577962877e7c404439a70aee4f5465e46ebd059,754fb6ddb0451047eb8a0d60b4e03d876bf64c6e889684cced3c06038051385f,754551dd47950ff4b919d03244338110e22ca8740713c8074cbce08c90b6d36b,ad2e0bb990d1a5fc3d7c726105bbba471d1048bc9ab07b4a64613afa63512819,c1c7fc7d32b67809b202ec79e4fa65e7b92e4dc56a5989f67f7b9b9180e5286c
response,52,7.2,2.950000000000001,1,false,false,,reviewed_visible_observation,obs:response:000052,response:000052,0.05000000000000071,0.05000000000000071,reviewed_observations_v1,,1bc8dccaf6b89e90aa75c81ef577962877e7c404439a70aee4f5465e46ebd059,754fb6ddb0451047eb8a0d60b4e03d876bf64c6e889684cced3c06038051385f,754551dd47950ff4b919d03244338110e22ca8740713c8074cbce08c90b6d36b,ad2e0bb990d1a5fc3d7c726105bbba471d1048bc9ab07b4a64613afa63512819,c1c7fc7d32b67809b202ec79e4fa65e7b92e4dc56a5989f67f7b9b9180e5286c
response,53,7.3,3.0500000000000007,1,false,false,,reviewed_visible_observation,obs:response:000053,response:000053,0.05000000000000071,0.04999999999999982,reviewed_observations_v1,,1bc8dccaf6b89e90aa75c81ef577962877e7c404439a70aee4f5465e46ebd059,754fb6ddb0451047eb8a0d60b4e03d876bf64c6e889684cced3c06038051385f,754551dd47950ff4b919d03244338110e22ca8740713c8074cbce08c90b6d36b,ad2e0bb990d1a5fc3d7c726105bbba471d1048bc9ab07b4a64613afa63512819,c1c7fc7d32b67809b202ec79e4fa65e7b92e4dc56a5989f67f7b9b9180e5286c
response,54,7.3999999999999995,3.0500000000000007,1,false,false,,reviewed_visible_observation,obs:response:000054,response:000054,0.05000000000000071,0.04999999999999982,reviewed_observations_v1,,1bc8dccaf6b89e90aa75c81ef577962877e7c404439a70aee4f5465e46ebd059,754fb6ddb0451047eb8a0d60b4e03d876bf64c6e889684cced3c06038051385f,754551dd47950ff4b919d03244338110e22ca8740713c8074cbce08c90b6d36b,ad2e0bb990d1a5fc3d7c726105bbba471d1048bc9ab07b4a64613afa63512819,c1c7fc7d32b67809b202ec79e4fa65e7b92e4dc56a5989f67f7b9b9180e5286c
response,55,7.500000000000001,3.1500000000000004,1,false,false,,reviewed_visible_observation,obs:response:000055,response:000055,0.05000000000000071,0.04999999999999982,reviewed_observations_v1,,1bc8dccaf6b89e90aa75c81ef577962877e7c404439a70aee4f5465e46ebd059,754fb6ddb0451047eb8a0d60b4e03d876bf64c6e889684cced3c06038051385f,754551dd47950ff4b919d03244338110e22ca8740713c8074cbce08c90b6d36b,ad2e0bb990d1a5fc3d7c726105bbba471d1048bc9ab07b4a64613afa63512819,c1c7fc7d32b67809b202ec79e4fa65e7b92e4dc56a5989f67f7b9b9180e5286c
response,56,7.6000000000000005,3.1500000000000004,1,false,false,,reviewed_visible_observation,obs:response:000056,response:000056,0.05000000000000071,0.04999999999999982,reviewed_observations_v1,,1bc8dccaf6b89e90aa75c81ef577962877e7c404439a70aee4f5465e46ebd059,754fb6ddb0451047eb8a0d60b4e03d876bf64c6e889684cced3c06038051385f,754551dd47950ff4b919d03244338110e22ca8740713c8074cbce08c90b6d36b,ad2e0bb990d1a5fc3d7c726105bbba471d1048bc9ab07b4a64613afa63512819,c1c7fc7d32b67809b202ec79e4fa65e7b92e4dc56a5989f67f7b9b9180e5286c
response,57,7.7,3.1500000000000004,1,false,false,,reviewed_visible_observation,obs:response:000057,response:000057,0.05000000000000071,0.04999999999999982,reviewed_observations_v1,,1bc8dccaf6b89e90aa75c81ef577962877e7c404439a70aee4f5465e46ebd059,754fb6ddb0451047eb8a0d60b4e03d876bf64c6e889684cced3c06038051385f,754551dd47950ff4b919d03244338110e22ca8740713c8074cbce08c90b6d36b,ad2e0bb990d1a5fc3d7c726105bbba471d1048bc9ab07b4a64613afa63512819,c1c7fc7d32b67809b202ec79e4fa65e7b92e4dc56a5989f67f7b9b9180e5286c
response,58,7.8,3.250000000000001,1,false,false,,reviewed_visible_observation,obs:response:000058,response:000058,0.05000000000000071,0.05000000000000071,reviewed_observations_v1,,1bc8dccaf6b89e90aa75c81ef577962877e7c404439a70aee4f5465e46ebd059,754fb6ddb0451047eb8a0d60b4e03d876bf64c6e889684cced3c06038051385f,754551dd47950ff4b919d03244338110e22ca8740713c8074cbce08c90b6d36b,ad2e0bb990d1a5fc3d7c726105bbba471d1048bc9ab07b4a64613afa63512819,c1c7fc7d32b67809b202ec79e4fa65e7b92e4dc56a5989f67f7b9b9180e5286c
response,59,7.8999999999999995,3.250000000000001,1,false,false,,reviewed_visible_observation,obs:response:000059,response:000059,0.05000000000000071,0.05000000000000071,reviewed_observations_v1,,1bc8dccaf6b89e90aa75c81ef577962877e7c404439a70aee4f5465e46ebd059,754fb6ddb0451047eb8a0d60b4e03d876bf64c6e889684cced3c06038051385f,754551dd47950ff4b919d03244338110e22ca8740713c8074cbce08c90b6d36b,ad2e0bb990d1a5fc3d7c726105bbba471d1048bc9ab07b4a64613afa63512819,c1c7fc7d32b67809b202ec79e4fa65e7b92e4dc56a5989f67f7b9b9180e5286c
response,60,8.0,3.3500000000000005,1,false,false,,reviewed_visible_observation,obs:response:000060,response:000060,0.05000000000000071,0.04999999999999982,reviewed_observations_v1,,1bc8dccaf6b89e90aa75c81ef577962877e7c404439a70aee4f5465e46ebd059,754fb6ddb0451047eb8a0d60b4e03d876bf64c6e889684cced3c06038051385f,754551dd47950ff4b919d03244338110e22ca8740713c8074cbce08c90b6d36b,ad2e0bb990d1a5fc3d7c726105bbba471d1048bc9ab07b4a64613afa63512819,c1c7fc7d32b67809b202ec79e4fa65e7b92e4dc56a5989f67f7b9b9180e5286c
response,61,8.100000000000001,3.3500000000000005,1,false,false,,reviewed_visible_observation,obs:response:000061,response:000061,0.05000000000000071,0.04999999999999982,reviewed_observations_v1,,1bc8dccaf6b89e90aa75c81ef577962877e7c404439a70aee4f5465e46ebd059,754fb6ddb0451047eb8a0d60b4e03d876bf64c6e889684cced3c06038051385f,754551dd47950ff4b919d03244338110e22ca8740713c8074cbce08c90b6d36b,ad2e0bb990d1a5fc3d7c726105bbba471d1048bc9ab07b4a64613afa63512819,c1c7fc7d32b67809b202ec79e4fa65e7b92e4dc56a5989f67f7b9b9180e5286c
response,62,8.2,3.3500000000000005,1,false,false,,reviewed_visible_observation,obs:response:000062,response:000062,0.05000000000000071,0.04999999999999982,reviewed_observations_v1,,1bc8dccaf6b89e90aa75c81ef577962877e7c404439a70aee4f5465e46ebd059,754fb6ddb0451047eb8a0d60b4e03d876bf64c6e889684cced3c06038051385f,754551dd47950ff4b919d03244338110e22ca8740713c8074cbce08c90b6d36b,ad2e0bb990d1a5fc3d7c726105bbba471d1048bc9ab07b4a64613afa63512819,c1c7fc7d32b67809b202ec79e4fa65e7b92e4dc56a5989f67f7b9b9180e5286c
response,63,8.3,3.45,1,false,false,,reviewed_visible_observation,obs:response:000063,response:000063,0.05000000000000071,0.05000000000000071,reviewed_observations_v1,,1bc8dccaf6b89e90aa75c81ef577962877e7c404439a70aee4f5465e46ebd059,754fb6ddb0451047eb8a0d60b4e03d876bf64c6e889684cced3c06038051385f,754551dd47950ff4b919d03244338110e22ca8740713c8074cbce08c90b6d36b,ad2e0bb990d1a5fc3d7c726105bbba471d1048bc9ab07b4a64613afa63512819,c1c7fc7d32b67809b202ec79e4fa65e7b92e4dc56a5989f67f7b9b9180e5286c
response,64,8.400000000000002,3.45,1,false,false,,reviewed_visible_observation,obs:response:000064,response:000064,0.05000000000000071,0.05000000000000071,reviewed_observations_v1,,1bc8dccaf6b89e90aa75c81ef577962877e7c404439a70aee4f5465e46ebd059,754fb6ddb0451047eb8a0d60b4e03d876bf64c6e889684cced3c06038051385f,754551dd47950ff4b919d03244338110e22ca8740713c8074cbce08c90b6d36b,ad2e0bb990d1a5fc3d7c726105bbba471d1048bc9ab07b4a64613afa63512819,c1c7fc7d32b67809b202ec79e4fa65e7b92e4dc56a5989f67f7b9b9180e5286c
response,65,8.5,3.5500000000000007,1,false,false,,reviewed_visible_observation,obs:response:000065,response:000065,0.05000000000000071,0.04999999999999982,reviewed_observations_v1,,1bc8dccaf6b89e90aa75c81ef577962877e7c404439a70aee4f5465e46ebd059,754fb6ddb0451047eb8a0d60b4e03d876bf64c6e889684cced3c06038051385f,754551dd47950ff4b919d03244338110e22ca8740713c8074cbce08c90b6d36b,ad2e0bb990d1a5fc3d7c726105bbba471d1048bc9ab07b4a64613afa63512819,c1c7fc7d32b67809b202ec79e4fa65e7b92e4dc56a5989f67f7b9b9180e5286c
response,66,8.600000000000001,3.5500000000000007,1,false,false,,reviewed_visible_observation,obs:response:000066,response:000066,0.05000000000000071,0.04999999999999982,reviewed_observations_v1,,1bc8dccaf6b89e90aa75c81ef577962877e7c404439a70aee4f5465e46ebd059,754fb6ddb0451047eb8a0d60b4e03d876bf64c6e889684cced3c06038051385f,754551dd47950ff4b919d03244338110e22ca8740713c8074cbce08c90b6d36b,ad2e0bb990d1a5fc3d7c726105bbba471d1048bc9ab07b4a64613afa63512819,c1c7fc7d32b67809b202ec79e4fa65e7b92e4dc56a5989f67f7b9b9180e5286c
response,67,8.7,3.6500000000000004,1,false,false,,reviewed_visible_observation,obs:response:000067,response:000067,0.05000000000000071,0.04999999999999982,reviewed_observations_v1,,1bc8dccaf6b89e90aa75c81ef577962877e7c404439a70aee4f5465e46ebd059,754fb6ddb0451047eb8a0d60b4e03d876bf64c6e889684cced3c06038051385f,754551dd47950ff4b919d03244338110e22ca8740713c8074cbce08c90b6d36b,ad2e0bb990d1a5fc3d7c726105bbba471d1048bc9ab07b4a64613afa63512819,c1c7fc7d32b67809b202ec79e4fa65e7b92e4dc56a5989f67f7b9b9180e5286c
response,68,8.8,3.6500000000000004,1,false,false,,reviewed_visible_observation,obs:response:000068,response:000068,0.05000000000000071,0.04999999999999982,reviewed_observations_v1,,1bc8dccaf6b89e90aa75c81ef577962877e7c404439a70aee4f5465e46ebd059,754fb6ddb0451047eb8a0d60b4e03d876bf64c6e889684cced3c06038051385f,754551dd47950ff4b919d03244338110e22ca8740713c8074cbce08c90b6d36b,ad2e0bb990d1a5fc3d7c726105bbba471d1048bc9ab07b4a64613afa63512819,c1c7fc7d32b67809b202ec79e4fa65e7b92e4dc56a5989f67f7b9b9180e5286c
response,69,8.900000000000002,3.6500000000000004,1,false,false,,reviewed_visible_observation,obs:response:000069,response:000069,0.05000000000000071,0.04999999999999982,reviewed_observations_v1,,1bc8dccaf6b89e90aa75c81ef577962877e7c404439a70aee4f5465e46ebd059,754fb6ddb0451047eb8a0d60b4e03d876bf64c6e889684cced3c06038051385f,754551dd47950ff4b919d03244338110e22ca8740713c8074cbce08c90b6d36b,ad2e0bb990d1a5fc3d7c726105bbba471d1048bc9ab07b4a64613afa63512819,c1c7fc7d32b67809b202ec79e4fa65e7b92e4dc56a5989f67f7b9b9180e5286c
response,70,9.0,3.75,1,false,false,,reviewed_visible_observation,obs:response:000070,response:000070,0.05000000000000071,0.050000000000000266,reviewed_observations_v1,,1bc8dccaf6b89e90aa75c81ef577962877e7c404439a70aee4f5465e46ebd059,754fb6ddb0451047eb8a0d60b4e03d876bf64c6e889684cced3c06038051385f,754551dd47950ff4b919d03244338110e22ca8740713c8074cbce08c90b6d36b,ad2e0bb990d1a5fc3d7c726105bbba471d1048bc9ab07b4a64613afa63512819,c1c7fc7d32b67809b202ec79e4fa65e7b92e4dc56a5989f67f7b9b9180e5286c
response,71,9.100000000000001,3.75,1,false,false,,reviewed_visible_observation,obs:response:000071,response:000071,0.05000000000000071,0.050000000000000266,reviewed_observations_v1,,1bc8dccaf6b89e90aa75c81ef577962877e7c404439a70aee4f5465e46ebd059,754fb6ddb0451047eb8a0d60b4e03d876bf64c6e889684cced3c06038051385f,754551dd47950ff4b919d03244338110e22ca8740713c8074cbce08c90b6d36b,ad2e0bb990d1a5fc3d7c726105bbba471d1048bc9ab07b4a64613afa63512819,c1c7fc7d32b67809b202ec79e4fa65e7b92e4dc56a5989f67f7b9b9180e5286c
response,72,9.2,3.8500000000000005,1,false,false,,reviewed_visible_observation,obs:response:000072,response:000072,0.05000000000000071,0.050000000000000266,reviewed_observations_v1,,1bc8dccaf6b89e90aa75c81ef577962877e7c404439a70aee4f5465e46ebd059,754fb6ddb0451047eb8a0d60b4e03d876bf64c6e889684cced3c06038051385f,754551dd47950ff4b919d03244338110e22ca8740713c8074cbce08c90b6d36b,ad2e0bb990d1a5fc3d7c726105bbba471d1048bc9ab07b4a64613afa63512819,c1c7fc7d32b67809b202ec79e4fa65e7b92e4dc56a5989f67f7b9b9180e5286c
response,73,9.3,3.8500000000000005,1,false,false,,reviewed_visible_observation,obs:response:000073,response:000073,0.05000000000000071,0.050000000000000266,reviewed_observations_v1,,1bc8dccaf6b89e90aa75c81ef577962877e7c404439a70aee4f5465e46ebd059,754fb6ddb0451047eb8a0d60b4e03d876bf64c6e889684cced3c06038051385f,754551dd47950ff4b919d03244338110e22ca8740713c8074cbce08c90b6d36b,ad2e0bb990d1a5fc3d7c726105bbba471d1048bc9ab07b4a64613afa63512819,c1c7fc7d32b67809b202ec79e4fa65e7b92e4dc56a5989f67f7b9b9180e5286c
response,74,9.400000000000002,3.8500000000000005,1,false,false,,reviewed_visible_observation,obs:response:000074,response:000074,0.05000000000000071,0.050000000000000266,reviewed_observations_v1,,1bc8dccaf6b89e90aa75c81ef577962877e7c404439a70aee4f5465e46ebd059,754fb6ddb0451047eb8a0d60b4e03d876bf64c6e889684cced3c06038051385f,754551dd47950ff4b919d03244338110e22ca8740713c8074cbce08c90b6d36b,ad2e0bb990d1a5fc3d7c726105bbba471d1048bc9ab07b4a64613afa63512819,c1c7fc7d32b67809b202ec79e4fa65e7b92e4dc56a5989f67f7b9b9180e5286c
response,75,9.5,3.95,1,false,false,,reviewed_visible_observation,obs:response:000075,response:000075,0.05000000000000071,0.04999999999999982,reviewed_observations_v1,,1bc8dccaf6b89e90aa75c81ef577962877e7c404439a70aee4f5465e46ebd059,754fb6ddb0451047eb8a0d60b4e03d876bf64c6e889684cced3c06038051385f,754551dd47950ff4b919d03244338110e22ca8740713c8074cbce08c90b6d36b,ad2e0bb990d1a5fc3d7c726105bbba471d1048bc9ab07b4a64613afa63512819,c1c7fc7d32b67809b202ec79e4fa65e7b92e4dc56a5989f67f7b9b9180e5286c
response,76,9.600000000000001,3.95,1,false,false,,reviewed_visible_observation,obs:response:000076,response:000076,0.05000000000000071,0.04999999999999982,reviewed_observations_v1,,1bc8dccaf6b89e90aa75c81ef577962877e7c404439a70aee4f5465e46ebd059,754fb6ddb0451047eb8a0d60b4e03d876bf64c6e889684cced3c06038051385f,754551dd47950ff4b919d03244338110e22ca8740713c8074cbce08c90b6d36b,ad2e0bb990d1a5fc3d7c726105bbba471d1048bc9ab07b4a64613afa63512819,c1c7fc7d32b67809b202ec79e4fa65e7b92e4dc56a5989f67f7b9b9180e5286c
response,77,9.700000000000003,4.050000000000001,1,false,false,,reviewed_visible_observation,obs:response:000077,response:000077,0.05000000000000071,0.05000000000000071,reviewed_observations_v1,,1bc8dccaf6b89e90aa75c81ef577962877e7c404439a70aee4f5465e46ebd059,754fb6ddb0451047eb8a0d60b4e03d876bf64c6e889684cced3c06038051385f,754551dd47950ff4b919d03244338110e22ca8740713c8074cbce08c90b6d36b,ad2e0bb990d1a5fc3d7c726105bbba471d1048bc9ab07b4a64613afa63512819,c1c7fc7d32b67809b202ec79e4fa65e7b92e4dc56a5989f67f7b9b9180e5286c
response,78,9.8,4.050000000000001,1,false,false,,reviewed_visible_observation,obs:response:000078,response:000078,0.05000000000000071,0.05000000000000071,reviewed_observations_v1,,1bc8dccaf6b89e90aa75c81ef577962877e7c404439a70aee4f5465e46ebd059,754fb6ddb0451047eb8a0d60b4e03d876bf64c6e889684cced3c06038051385f,754551dd47950ff4b919d03244338110e22ca8740713c8074cbce08c90b6d36b,ad2e0bb990d1a5fc3d7c726105bbba471d1048bc9ab07b4a64613afa63512819,c1c7fc7d32b67809b202ec79e4fa65e7b92e4dc56a5989f67f7b9b9180e5286c
response,79,9.900000000000002,4.15,1,false,false,,reviewed_visible_observation,obs:response:000079,response:000079,0.05000000000000071,0.05000000000000071,reviewed_observations_v1,,1bc8dccaf6b89e90aa75c81ef577962877e7c404439a70aee4f5465e46ebd059,754fb6ddb0451047eb8a0d60b4e03d876bf64c6e889684cced3c06038051385f,754551dd47950ff4b919d03244338110e22ca8740713c8074cbce08c90b6d36b,ad2e0bb990d1a5fc3d7c726105bbba471d1048bc9ab07b4a64613afa63512819,c1c7fc7d32b67809b202ec79e4fa65e7b92e4dc56a5989f67f7b9b9180e5286c
response,80,10.0,4.15,1,false,false,,reviewed_visible_observation,obs:response:000080,response:000080,0.05000000000000071,0.05000000000000071,reviewed_observations_v1,,1bc8dccaf6b89e90aa75c81ef577962877e7c404439a70aee4f5465e46ebd059,754fb6ddb0451047eb8a0d60b4e03d876bf64c6e889684cced3c06038051385f,754551dd47950ff4b919d03244338110e22ca8740713c8074cbce08c90b6d36b,ad2e0bb990d1a5fc3d7c726105bbba471d1048bc9ab07b4a64613afa63512819,c1c7fc7d32b67809b202ec79e4fa65e7b92e4dc56a5989f67f7b9b9180e5286c
response,81,10.100000000000001,4.15,1,false,false,,reviewed_visible_observation,obs:response:000081,response:000081,0.05000000000000071,0.05000000000000071,reviewed_observations_v1,,1bc8dccaf6b89e90aa75c81ef577962877e7c404439a70aee4f5465e46ebd059,754fb6ddb0451047eb8a0d60b4e03d876bf64c6e889684cced3c06038051385f,754551dd47950ff4b919d03244338110e22ca8740713c8074cbce08c90b6d36b,ad2e0bb990d1a5fc3d7c726105bbba471d1048bc9ab07b4a64613afa63512819,c1c7fc7d32b67809b202ec79e4fa65e7b92e4dc56a5989f67f7b9b9180e5286c
response,82,10.200000000000003,4.25,1,false,false,,reviewed_visible_observation,obs:response:000082,response:000082,0.05000000000000071,0.05000000000000071,reviewed_observations_v1,,1bc8dccaf6b89e90aa75c81ef577962877e7c404439a70aee4f5465e46ebd059,754fb6ddb0451047eb8a0d60b4e03d876bf64c6e889684cced3c06038051385f,754551dd47950ff4b919d03244338110e22ca8740713c8074cbce08c90b6d36b,ad2e0bb990d1a5fc3d7c726105bbba471d1048bc9ab07b4a64613afa63512819,c1c7fc7d32b67809b202ec79e4fa65e7b92e4dc56a5989f67f7b9b9180e5286c
response,83,10.3,4.25,1,false,false,,reviewed_visible_observation,obs:response:000083,response:000083,0.05000000000000071,0.05000000000000071,reviewed_observations_v1,,1bc8dccaf6b89e90aa75c81ef577962877e7c404439a70aee4f5465e46ebd059,754fb6ddb0451047eb8a0d60b4e03d876bf64c6e889684cced3c06038051385f,754551dd47950ff4b919d03244338110e22ca8740713c8074cbce08c90b6d36b,ad2e0bb990d1a5fc3d7c726105bbba471d1048bc9ab07b4a64613afa63512819,c1c7fc7d32b67809b202ec79e4fa65e7b92e4dc56a5989f67f7b9b9180e5286c
response,84,10.400000000000002,4.35,1,false,false,,reviewed_visible_observation,obs:response:000084,response:000084,0.05000000000000071,0.05000000000000071,reviewed_observations_v1,,1bc8dccaf6b89e90aa75c81ef577962877e7c404439a70aee4f5465e46ebd059,754fb6ddb0451047eb8a0d60b4e03d876bf64c6e889684cced3c06038051385f,754551dd47950ff4b919d03244338110e22ca8740713c8074cbce08c90b6d36b,ad2e0bb990d1a5fc3d7c726105bbba471d1048bc9ab07b4a64613afa63512819,c1c7fc7d32b67809b202ec79e4fa65e7b92e4dc56a5989f67f7b9b9180e5286c
response,85,10.5,4.35,1,false,false,,reviewed_visible_observation,obs:response:000085,response:000085,0.05000000000000071,0.05000000000000071,reviewed_observations_v1,,1bc8dccaf6b89e90aa75c81ef577962877e7c404439a70aee4f5465e46ebd059,754fb6ddb0451047eb8a0d60b4e03d876bf64c6e889684cced3c06038051385f,754551dd47950ff4b919d03244338110e22ca8740713c8074cbce08c90b6d36b,ad2e0bb990d1a5fc3d7c726105bbba471d1048bc9ab07b4a64613afa63512819,c1c7fc7d32b67809b202ec79e4fa65e7b92e4dc56a5989f67f7b9b9180e5286c
response,86,10.600000000000001,4.45,1,false,false,,reviewed_visible_observation,obs:response:000086,response:000086,0.05000000000000071,0.04999999999999982,reviewed_observations_v1,,1bc8dccaf6b89e90aa75c81ef577962877e7c404439a70aee4f5465e46ebd059,754fb6ddb0451047eb8a0d60b4e03d876bf64c6e889684cced3c06038051385f,754551dd47950ff4b919d03244338110e22ca8740713c8074cbce08c90b6d36b,ad2e0bb990d1a5fc3d7c726105bbba471d1048bc9ab07b4a64613afa63512819,c1c7fc7d32b67809b202ec79e4fa65e7b92e4dc56a5989f67f7b9b9180e5286c
response,87,10.700000000000003,4.45,1,false,false,,reviewed_visible_observation,obs:response:000087,response:000087,0.05000000000000071,0.04999999999999982,reviewed_observations_v1,,1bc8dccaf6b89e90aa75c81ef577962877e7c404439a70aee4f5465e46ebd059,754fb6ddb0451047eb8a0d60b4e03d876bf64c6e889684cced3c06038051385f,754551dd47950ff4b919d03244338110e22ca8740713c8074cbce08c90b6d36b,ad2e0bb990d1a5fc3d7c726105bbba471d1048bc9ab07b4a64613afa63512819,c1c7fc7d32b67809b202ec79e4fa65e7b92e4dc56a5989f67f7b9b9180e5286c
response,88,10.8,4.45,1,false,false,,reviewed_visible_observation,obs:response:000088,response:000088,0.05000000000000071,0.04999999999999982,reviewed_observations_v1,,1bc8dccaf6b89e90aa75c81ef577962877e7c404439a70aee4f5465e46ebd059,754fb6ddb0451047eb8a0d60b4e03d876bf64c6e889684cced3c06038051385f,754551dd47950ff4b919d03244338110e22ca8740713c8074cbce08c90b6d36b,ad2e0bb990d1a5fc3d7c726105bbba471d1048bc9ab07b4a64613afa63512819,c1c7fc7d32b67809b202ec79e4fa65e7b92e4dc56a5989f67f7b9b9180e5286c
response,89,10.900000000000002,4.550000000000001,1,false,false,,reviewed_visible_observation,obs:response:000089,response:000089,0.05000000000000071,0.05000000000000071,reviewed_observations_v1,,1bc8dccaf6b89e90aa75c81ef577962877e7c404439a70aee4f5465e46ebd059,754fb6ddb0451047eb8a0d60b4e03d876bf64c6e889684cced3c06038051385f,754551dd47950ff4b919d03244338110e22ca8740713c8074cbce08c90b6d36b,ad2e0bb990d1a5fc3d7c726105bbba471d1048bc9ab07b4a64613afa63512819,c1c7fc7d32b67809b202ec79e4fa65e7b92e4dc56a5989f67f7b9b9180e5286c
response,90,11.0,4.550000000000001,1,false,false,,reviewed_visible_observation,obs:response:000090,response:000090,0.05000000000000071,0.05000000000000071,reviewed_observations_v1,,1bc8dccaf6b89e90aa75c81ef577962877e7c404439a70aee4f5465e46ebd059,754fb6ddb0451047eb8a0d60b4e03d876bf64c6e889684cced3c06038051385f,754551dd47950ff4b919d03244338110e22ca8740713c8074cbce08c90b6d36b,ad2e0bb990d1a5fc3d7c726105bbba471d1048bc9ab07b4a64613afa63512819,c1c7fc7d32b67809b202ec79e4fa65e7b92e4dc56a5989f67f7b9b9180e5286c
response,91,11.100000000000001,4.65,1,false,false,,reviewed_visible_observation,obs:response:000091,response:000091,0.05000000000000071,0.05000000000000071,reviewed_observations_v1,,1bc8dccaf6b89e90aa75c81ef577962877e7c404439a70aee4f5465e46ebd059,754fb6ddb0451047eb8a0d60b4e03d876bf64c6e889684cced3c06038051385f,754551dd47950ff4b919d03244338110e22ca8740713c8074cbce08c90b6d36b,ad2e0bb990d1a5fc3d7c726105bbba471d1048bc9ab07b4a64613afa63512819,c1c7fc7d32b67809b202ec79e4fa65e7b92e4dc56a5989f67f7b9b9180e5286c
response,92,11.200000000000003,4.65,1,false,false,,reviewed_visible_observation,obs:response:000092,response:000092,0.05000000000000071,0.05000000000000071,reviewed_observations_v1,,1bc8dccaf6b89e90aa75c81ef577962877e7c404439a70aee4f5465e46ebd059,754fb6ddb0451047eb8a0d60b4e03d876bf64c6e889684cced3c06038051385f,754551dd47950ff4b919d03244338110e22ca8740713c8074cbce08c90b6d36b,ad2e0bb990d1a5fc3d7c726105bbba471d1048bc9ab07b4a64613afa63512819,c1c7fc7d32b67809b202ec79e4fa65e7b92e4dc56a5989f67f7b9b9180e5286c
response,93,11.3,4.65,1,false,false,,reviewed_visible_observation,obs:response:000093,response:000093,0.05000000000000071,0.05000000000000071,reviewed_observations_v1,,1bc8dccaf6b89e90aa75c81ef577962877e7c404439a70aee4f5465e46ebd059,754fb6ddb0451047eb8a0d60b4e03d876bf64c6e889684cced3c06038051385f,754551dd47950ff4b919d03244338110e22ca8740713c8074cbce08c90b6d36b,ad2e0bb990d1a5fc3d7c726105bbba471d1048bc9ab07b4a64613afa63512819,c1c7fc7d32b67809b202ec79e4fa65e7b92e4dc56a5989f67f7b9b9180e5286c
response,94,11.400000000000002,4.75,1,false,false,,reviewed_visible_observation,obs:response:000094,response:000094,0.05000000000000071,0.04999999999999982,reviewed_observations_v1,,1bc8dccaf6b89e90aa75c81ef577962877e7c404439a70aee4f5465e46ebd059,754fb6ddb0451047eb8a0d60b4e03d876bf64c6e889684cced3c06038051385f,754551dd47950ff4b919d03244338110e22ca8740713c8074cbce08c90b6d36b,ad2e0bb990d1a5fc3d7c726105bbba471d1048bc9ab07b4a64613afa63512819,c1c7fc7d32b67809b202ec79e4fa65e7b92e4dc56a5989f67f7b9b9180e5286c
response,95,11.500000000000004,4.75,1,false,false,,reviewed_visible_observation,obs:response:000095,response:000095,0.05000000000000071,0.04999999999999982,reviewed_observations_v1,,1bc8dccaf6b89e90aa75c81ef577962877e7c404439a70aee4f5465e46ebd059,754fb6ddb0451047eb8a0d60b4e03d876bf64c6e889684cced3c06038051385f,754551dd47950ff4b919d03244338110e22ca8740713c8074cbce08c90b6d36b,ad2e0bb990d1a5fc3d7c726105bbba471d1048bc9ab07b4a64613afa63512819,c1c7fc7d32b67809b202ec79e4fa65e7b92e4dc56a5989f67f7b9b9180e5286c
response,96,11.600000000000001,4.85,1,false,false,,reviewed_visible_observation,obs:response:000096,response:000096,0.05000000000000071,0.05000000000000071,reviewed_observations_v1,,1bc8dccaf6b89e90aa75c81ef577962877e7c404439a70aee4f5465e46ebd059,754fb6ddb0451047eb8a0d60b4e03d876bf64c6e889684cced3c06038051385f,754551dd47950ff4b919d03244338110e22ca8740713c8074cbce08c90b6d36b,ad2e0bb990d1a5fc3d7c726105bbba471d1048bc9ab07b4a64613afa63512819,c1c7fc7d32b67809b202ec79e4fa65e7b92e4dc56a5989f67f7b9b9180e5286c
response,97,11.700000000000003,4.85,1,false,false,,reviewed_visible_observation,obs:response:000097,response:000097,0.05000000000000071,0.05000000000000071,reviewed_observations_v1,,1bc8dccaf6b89e90aa75c81ef577962877e7c404439a70aee4f5465e46ebd059,754fb6ddb0451047eb8a0d60b4e03d876bf64c6e889684cced3c06038051385f,754551dd47950ff4b919d03244338110e22ca8740713c8074cbce08c90b6d36b,ad2e0bb990d1a5fc3d7c726105bbba471d1048bc9ab07b4a64613afa63512819,c1c7fc7d32b67809b202ec79e4fa65e7b92e4dc56a5989f67f7b9b9180e5286c
response,98,11.8,4.95,1,false,false,,reviewed_visible_observation,obs:response:000098,response:000098,0.05000000000000071,0.04999999999999982,reviewed_observations_v1,,1bc8dccaf6b89e90aa75c81ef577962877e7c404439a70aee4f5465e46ebd059,754fb6ddb0451047eb8a0d60b4e03d876bf64c6e889684cced3c06038051385f,754551dd47950ff4b919d03244338110e22ca8740713c8074cbce08c90b6d36b,ad2e0bb990d1a5fc3d7c726105bbba471d1048bc9ab07b4a64613afa63512819,c1c7fc7d32b67809b202ec79e4fa65e7b92e4dc56a5989f67f7b9b9180e5286c
response,99,11.900000000000002,4.95,1,false,false,,reviewed_visible_observation,obs:response:000099,response:000099,0.05000000000000071,0.04999999999999982,reviewed_observations_v1,,1bc8dccaf6b89e90aa75c81ef577962877e7c404439a70aee4f5465e46ebd059,754fb6ddb0451047eb8a0d60b4e03d876bf64c6e889684cced3c06038051385f,754551dd47950ff4b919d03244338110e22ca8740713c8074cbce08c90b6d36b,ad2e0bb990d1a5fc3d7c726105bbba471d1048bc9ab07b4a64613afa63512819,c1c7fc7d32b67809b202ec79e4fa65e7b92e4dc56a5989f67f7b9b9180e5286c
response,100,12.000000000000004,4.95,1,false,false,,reviewed_visible_observation,obs:response:000100,response:000100,0.05000000000000071,0.04999999999999982,reviewed_observations_v1,,1bc8dccaf6b89e90aa75c81ef577962877e7c404439a70aee4f5465e46ebd059,754fb6ddb0451047eb8a0d60b4e03d876bf64c6e889684cced3c06038051385f,754551dd47950ff4b919d03244338110e22ca8740713c8074cbce08c90b6d36b,ad2e0bb990d1a5fc3d7c726105bbba471d1048bc9ab07b4a64613afa63512819,c1c7fc7d32b67809b202ec79e4fa65e7b92e4dc56a5989f67f7b9b9180e5286c
